дата время ; исходящий IP
09.08.2020 01:13;146.228.108.191
09.08.2020 01:35;172.62.38.28
09.08.2020 02:04;142.150.166.25
09.08.2020 03:29;110.72.89.242
09.08.2020 04:22;54.115.221.119
09.08.2020 05:00;145.225.17.110
09.08.2020 06:09;233.138.120.141
09.08.2020 07:36;68.21.181.137
09.08.2020 07:42;227.240.98.39
09.08.2020 07:49;178.182.126.146
09.08.2020 07:30;239.200.156.98
09.08.2020 07:33;246.169.207.219
09.08.2020 07:23;171.138.187.172
09.08.2020 07:49;83.20.136.193
09.08.2020 07:30;185.171.75.249
09.08.2020 07:53;97.173.68.149
09.08.2020 07:20;100.105.196.125
09.08.2020 07:08;222.174.93.228
09.08.2020 07:25;161.160.18.61
09.08.2020 07:02;243.236.209.158
09.08.2020 07:53;126.161.199.37
09.08.2020 07:47;206.11.215.127
09.08.2020 07:02;18.158.249.114
09.08.2020 07:24;52.236.247.92
09.08.2020 07:05;96.249.72.32
09.08.2020 07:46;45.148.46.173
09.08.2020 07:33;37.212.217.100
09.08.2020 07:46;137.189.222.174
09.08.2020 07:33;141.26.39.30
09.08.2020 07:09;19.178.24.163
09.08.2020 07:32;93.227.176.172
09.08.2020 07:47;111.177.139.19
09.08.2020 07:07;135.65.63.136
09.08.2020 07:20;123.123.77.212
09.08.2020 07:59;144.11.249.137
09.08.2020 07:43;158.124.215.76
09.08.2020 07:46;154.162.236.171
09.08.2020 07:33;17.35.127.58
09.08.2020 07:07;238.75.225.206
09.08.2020 07:25;221.79.77.177
09.08.2020 07:28;12.234.197.178
09.08.2020 07:25;179.138.66.84
09.08.2020 07:16;240.91.214.128
09.08.2020 07:32;19.171.178.22
09.08.2020 07:16;102.158.245.116
09.08.2020 07:59;198.146.182.111
09.08.2020 07:20;226.223.123.78
09.08.2020 07:31;211.163.83.170
09.08.2020 07:25;191.92.21.16
09.08.2020 07:08;69.183.184.114
09.08.2020 07:50;91.173.234.109
09.08.2020 08:02;231.219.235.68
09.08.2020 08:18;143.58.141.207
09.08.2020 08:46;136.240.233.215
09.08.2020 08:17;53.170.29.123
09.08.2020 08:08;102.190.128.136
09.08.2020 08:12;149.37.133.198
09.08.2020 08:06;212.143.106.188
09.08.2020 08:01;89.221.228.28
09.08.2020 08:04;118.33.89.107
09.08.2020 08:58;210.154.98.59
09.08.2020 08:43;161.223.233.50
09.08.2020 08:16;88.244.114.167
09.08.2020 08:56;53.153.12.28
09.08.2020 08:56;135.45.75.172
09.08.2020 08:32;182.141.45.37
09.08.2020 08:54;158.212.81.206
09.08.2020 08:39;238.103.127.105
09.08.2020 08:57;171.232.205.138
09.08.2020 08:04;235.221.70.97
09.08.2020 08:28;219.231.206.70
09.08.2020 08:45;114.136.24.217
09.08.2020 08:46;89.18.77.212
09.08.2020 08:14;149.228.46.92
09.08.2020 08:01;173.114.96.79
09.08.2020 08:21;77.240.129.239
09.08.2020 08:43;40.208.113.245
09.08.2020 08:04;199.80.137.239
09.08.2020 08:07;116.228.51.81
09.08.2020 08:05;78.68.33.169
09.08.2020 08:51;91.75.186.66
09.08.2020 08:09;245.207.152.77
09.08.2020 08:48;89.54.34.146
09.08.2020 08:11;166.173.46.234
09.08.2020 08:16;172.39.105.18
09.08.2020 08:54;222.83.122.118
09.08.2020 08:24;174.202.60.141
09.08.2020 08:12;211.142.218.96
09.08.2020 08:45;98.140.203.234
09.08.2020 08:01;201.39.228.233
09.08.2020 08:35;164.161.83.191
09.08.2020 08:21;168.248.170.113
09.08.2020 08:42;215.119.32.209
09.08.2020 08:29;197.184.201.46
09.08.2020 08:36;177.48.165.240
09.08.2020 08:57;86.180.23.78
09.08.2020 08:10;131.151.76.226
09.08.2020 08:02;15.95.185.178
09.08.2020 08:59;109.226.199.138
09.08.2020 08:47;164.152.50.210
09.08.2020 08:14;48.171.38.245
09.08.2020 08:16;86.162.47.182
09.08.2020 08:12;118.106.138.191
09.08.2020 08:36;59.73.227.97
09.08.2020 08:32;185.12.106.34
09.08.2020 09:45;144.196.105.95
09.08.2020 09:13;225.184.220.219
09.08.2020 09:16;13.55.249.98
09.08.2020 09:44;103.110.244.204
09.08.2020 09:54;127.240.194.20
09.08.2020 09:28;241.64.99.69
09.08.2020 09:15;212.57.212.132
09.08.2020 09:05;76.20.215.70
09.08.2020 09:27;104.68.104.119
09.08.2020 09:25;173.200.58.160
09.08.2020 09:34;122.143.220.72
09.08.2020 09:44;229.49.188.45
09.08.2020 09:49;162.114.177.239
09.08.2020 09:00;125.247.92.233
09.08.2020 09:17;94.37.205.15
09.08.2020 09:10;35.158.136.131
09.08.2020 09:11;124.151.88.33
09.08.2020 09:46;101.140.111.207
09.08.2020 09:40;239.62.167.192
09.08.2020 09:27;224.209.210.186
09.08.2020 09:11;46.221.224.103
09.08.2020 09:57;136.124.68.227
09.08.2020 09:50;119.48.176.214
09.08.2020 09:30;30.128.227.128
09.08.2020 09:11;24.215.62.119
09.08.2020 09:18;101.116.187.222
09.08.2020 09:13;103.121.66.53
09.08.2020 09:17;78.237.28.244
09.08.2020 09:27;27.33.108.215
09.08.2020 09:33;126.246.236.245
09.08.2020 09:03;36.90.90.118
09.08.2020 09:12;126.16.140.17
09.08.2020 09:08;146.249.120.205
09.08.2020 09:20;131.39.80.85
09.08.2020 09:32;183.26.130.35
09.08.2020 09:07;73.166.56.51
09.08.2020 09:16;171.80.53.130
09.08.2020 09:12;239.14.130.19
09.08.2020 10:30;117.173.249.144
09.08.2020 10:00;122.62.230.68
09.08.2020 10:06;22.34.101.151
09.08.2020 10:09;235.150.190.242
09.08.2020 10:56;187.38.196.221
09.08.2020 10:49;35.153.84.243
09.08.2020 10:16;129.113.227.193
09.08.2020 10:26;246.42.13.40
09.08.2020 10:20;112.149.220.240
09.08.2020 10:30;51.93.243.110
09.08.2020 10:49;73.16.178.13
09.08.2020 10:42;140.236.101.243
09.08.2020 10:22;205.64.192.178
09.08.2020 10:43;204.54.129.121
09.08.2020 10:58;165.21.49.18
09.08.2020 10:29;101.137.238.56
09.08.2020 10:57;99.105.148.66
09.08.2020 10:23;201.123.52.197
09.08.2020 10:38;71.149.131.66
09.08.2020 10:59;142.153.233.50
09.08.2020 10:36;75.72.193.90
09.08.2020 10:05;215.181.184.232
09.08.2020 10:15;95.220.27.196
09.08.2020 10:15;17.142.149.148
09.08.2020 10:34;12.133.250.211
09.08.2020 10:32;229.31.202.176
09.08.2020 10:22;193.168.21.186
09.08.2020 10:30;212.250.213.178
09.08.2020 10:25;123.143.76.201
09.08.2020 10:28;72.162.11.67
09.08.2020 10:13;112.73.42.126
09.08.2020 10:04;248.151.208.235
09.08.2020 10:28;72.64.146.47
09.08.2020 10:10;192.196.201.105
09.08.2020 10:55;246.92.27.133
09.08.2020 10:36;86.55.99.217
09.08.2020 11:05;24.166.57.199
09.08.2020 11:56;207.84.169.102
09.08.2020 11:35;151.105.79.70
09.08.2020 11:41;48.176.55.98
09.08.2020 11:23;13.228.144.102
09.08.2020 11:58;238.130.175.244
09.08.2020 11:44;78.122.66.190
09.08.2020 11:14;29.52.102.152
09.08.2020 11:12;46.94.89.144
09.08.2020 11:15;36.183.75.172
09.08.2020 11:04;172.92.115.235
09.08.2020 11:14;194.137.150.106
09.08.2020 11:14;225.138.106.61
09.08.2020 11:35;98.43.75.150
09.08.2020 11:06;166.175.60.199
09.08.2020 11:07;72.125.93.121
09.08.2020 11:09;131.38.152.128
09.08.2020 11:12;122.119.37.208
09.08.2020 11:11;175.34.26.78
09.08.2020 11:30;102.47.141.130
09.08.2020 11:33;124.131.198.58
09.08.2020 11:22;206.146.192.103
09.08.2020 11:32;179.222.62.60
09.08.2020 11:37;137.171.87.118
09.08.2020 11:59;208.165.90.166
09.08.2020 11:56;113.18.18.82
09.08.2020 11:06;176.112.213.73
09.08.2020 11:01;240.46.62.170
09.08.2020 11:18;54.119.52.248
09.08.2020 11:50;146.242.23.15
09.08.2020 11:04;248.206.11.100
09.08.2020 11:33;82.231.128.201
09.08.2020 11:52;218.51.28.134
09.08.2020 11:12;228.128.229.159
09.08.2020 11:47;155.144.68.75
09.08.2020 11:16;55.199.206.47
09.08.2020 11:51;61.196.36.149
09.08.2020 11:15;101.201.209.138
09.08.2020 11:55;61.90.43.16
09.08.2020 11:40;175.31.54.17
09.08.2020 11:13;115.225.131.178
09.08.2020 12:59;113.190.176.236
09.08.2020 12:05;118.196.183.154
09.08.2020 12:18;154.55.174.126
09.08.2020 12:48;18.11.124.83
09.08.2020 12:10;124.75.123.169
09.08.2020 12:19;197.12.173.67
09.08.2020 12:38;104.75.76.135
09.08.2020 12:50;225.28.144.224
09.08.2020 12:27;25.80.192.249
09.08.2020 12:06;217.191.207.160
09.08.2020 12:47;16.66.35.154
09.08.2020 12:49;86.217.16.235
09.08.2020 12:25;236.95.227.205
09.08.2020 12:26;231.55.115.29
09.08.2020 12:17;175.170.225.237
09.08.2020 12:07;210.62.105.90
09.08.2020 12:14;233.13.235.156
09.08.2020 12:00;149.209.162.158
09.08.2020 12:10;54.57.88.195
09.08.2020 12:34;167.237.114.54
09.08.2020 12:38;168.130.167.144
09.08.2020 12:10;250.237.82.51
09.08.2020 12:28;51.223.80.232
09.08.2020 12:40;139.227.151.200
09.08.2020 12:17;96.139.250.45
09.08.2020 12:19;170.118.175.16
09.08.2020 12:43;229.56.83.12
09.08.2020 12:05;36.46.60.181
09.08.2020 12:34;55.41.68.183
09.08.2020 12:13;27.121.245.190
09.08.2020 12:37;125.102.221.63
09.08.2020 12:03;152.134.150.55
09.08.2020 12:04;242.112.139.116
09.08.2020 12:23;233.111.26.114
09.08.2020 12:44;154.80.91.104
09.08.2020 12:44;62.19.17.250
09.08.2020 12:03;233.58.144.127
09.08.2020 12:14;65.201.51.179
09.08.2020 12:44;57.235.115.148
09.08.2020 12:39;11.237.221.125
09.08.2020 13:52;191.123.170.200
09.08.2020 13:49;64.173.71.221
09.08.2020 13:22;179.103.156.248
09.08.2020 13:40;177.208.57.53
09.08.2020 13:57;183.185.244.11
09.08.2020 13:12;45.54.11.187
09.08.2020 13:10;82.58.180.64
09.08.2020 13:57;246.189.19.206
09.08.2020 13:44;118.76.117.21
09.08.2020 13:19;143.148.36.190
09.08.2020 13:19;34.227.84.84
09.08.2020 13:39;159.170.68.52
09.08.2020 13:39;118.171.88.199
09.08.2020 13:02;68.13.83.103
09.08.2020 13:32;65.33.37.221
09.08.2020 13:59;189.48.131.101
09.08.2020 13:16;238.92.98.26
09.08.2020 13:46;18.31.216.55
09.08.2020 13:07;33.79.127.97
09.08.2020 13:22;51.183.70.89
09.08.2020 13:08;60.137.53.152
09.08.2020 13:36;134.160.39.120
09.08.2020 13:12;97.160.148.197
09.08.2020 13:27;37.230.44.102
09.08.2020 13:42;122.231.133.156
09.08.2020 13:28;226.62.44.70
09.08.2020 13:05;228.188.54.36
09.08.2020 13:15;189.233.238.14
09.08.2020 13:17;183.92.74.136
09.08.2020 13:54;200.161.98.103
09.08.2020 13:20;124.169.100.48
09.08.2020 13:52;112.78.56.238
09.08.2020 13:55;231.168.63.192
09.08.2020 13:54;38.186.41.108
09.08.2020 13:28;118.85.11.115
09.08.2020 13:41;163.16.208.207
09.08.2020 13:15;230.184.48.228
09.08.2020 13:00;64.151.45.130
09.08.2020 14:56;179.57.115.168
09.08.2020 14:52;98.238.88.250
09.08.2020 14:43;95.45.231.162
09.08.2020 14:41;181.234.147.66
09.08.2020 14:49;149.93.236.44
09.08.2020 14:27;42.133.138.216
09.08.2020 14:37;142.193.249.137
09.08.2020 14:34;249.192.107.120
09.08.2020 14:49;211.108.105.232
09.08.2020 14:04;214.199.81.215
09.08.2020 14:12;106.201.12.20
09.08.2020 14:03;166.80.138.72
09.08.2020 14:27;230.22.247.153
09.08.2020 14:36;98.169.35.198
09.08.2020 14:37;139.100.203.205
09.08.2020 14:16;235.118.139.111
09.08.2020 14:32;229.217.96.232
09.08.2020 14:00;114.43.198.216
09.08.2020 14:57;245.249.246.174
09.08.2020 14:23;39.146.213.145
09.08.2020 14:52;112.168.22.238
09.08.2020 14:35;15.138.38.185
09.08.2020 14:14;215.220.122.120
09.08.2020 14:35;65.63.58.103
09.08.2020 14:00;239.100.84.237
09.08.2020 14:25;86.110.55.36
09.08.2020 14:36;194.89.66.93
09.08.2020 14:02;43.122.224.239
09.08.2020 14:17;131.84.177.175
09.08.2020 14:49;135.60.183.220
09.08.2020 14:10;38.190.241.165
09.08.2020 14:38;25.166.68.147
09.08.2020 14:23;144.159.74.183
09.08.2020 14:12;178.205.54.184
09.08.2020 14:19;175.201.43.89
09.08.2020 14:13;243.141.249.169
09.08.2020 14:00;180.28.163.96
09.08.2020 14:16;249.197.63.134
09.08.2020 14:37;133.129.199.192
09.08.2020 14:50;161.49.74.37
09.08.2020 14:19;114.192.198.120
09.08.2020 14:16;220.140.220.73
09.08.2020 14:07;105.52.15.175
09.08.2020 14:31;154.35.36.65
09.08.2020 14:56;237.117.85.51
09.08.2020 14:20;166.67.141.193
09.08.2020 15:15;158.246.83.70
09.08.2020 15:40;53.108.94.149
09.08.2020 15:37;238.25.209.230
09.08.2020 15:20;51.122.245.249
09.08.2020 15:45;146.137.179.83
09.08.2020 15:45;81.216.54.229
09.08.2020 15:54;160.149.37.97
09.08.2020 15:38;91.48.55.29
09.08.2020 15:00;34.108.59.105
09.08.2020 15:41;223.27.219.121
09.08.2020 15:35;130.167.139.227
09.08.2020 15:30;92.135.36.44
09.08.2020 15:54;42.106.110.205
09.08.2020 15:27;245.166.181.235
09.08.2020 15:24;140.16.49.55
09.08.2020 15:28;75.223.179.139
09.08.2020 15:42;225.57.198.35
09.08.2020 15:13;32.33.249.226
09.08.2020 15:18;144.174.156.16
09.08.2020 15:30;115.164.20.31
09.08.2020 15:23;45.220.91.192
09.08.2020 15:55;163.117.139.187
09.08.2020 15:57;79.103.192.237
09.08.2020 15:00;33.29.56.161
09.08.2020 15:46;38.232.215.141
09.08.2020 15:47;249.176.30.210
09.08.2020 15:14;57.53.173.172
09.08.2020 15:53;93.176.118.95
09.08.2020 15:28;137.214.52.35
09.08.2020 15:25;149.15.88.142
09.08.2020 15:18;173.41.194.99
09.08.2020 15:10;188.87.136.241
09.08.2020 15:30;169.59.57.216
09.08.2020 15:06;38.50.82.165
09.08.2020 15:02;122.76.200.44
09.08.2020 15:35;130.29.107.211
09.08.2020 15:37;158.116.22.40
09.08.2020 15:41;248.22.41.31
09.08.2020 15:39;49.127.88.45
09.08.2020 15:09;43.11.11.67
09.08.2020 15:50;109.111.176.11
09.08.2020 15:59;18.216.230.70
09.08.2020 15:39;122.216.215.203
09.08.2020 15:07;19.95.141.210
09.08.2020 16:24;69.20.236.40
09.08.2020 16:15;249.29.242.241
09.08.2020 16:58;69.218.176.167
09.08.2020 16:59;117.11.63.104
09.08.2020 16:57;64.191.91.144
09.08.2020 16:25;109.107.109.235
09.08.2020 16:59;169.110.30.119
09.08.2020 16:32;126.23.149.163
09.08.2020 16:45;14.153.203.61
09.08.2020 16:37;210.244.220.144
09.08.2020 16:05;113.180.75.183
09.08.2020 16:11;200.75.216.126
09.08.2020 16:23;155.101.25.18
09.08.2020 16:30;242.44.57.139
09.08.2020 16:19;13.130.207.82
09.08.2020 16:06;144.221.155.25
09.08.2020 16:05;86.172.241.100
09.08.2020 16:48;75.23.236.111
09.08.2020 16:27;136.57.157.197
09.08.2020 16:48;55.92.79.108
09.08.2020 16:52;17.231.14.173
09.08.2020 16:16;208.83.230.184
09.08.2020 16:06;82.108.79.58
09.08.2020 16:17;197.230.230.109
09.08.2020 16:16;101.71.232.56
09.08.2020 16:16;138.35.72.180
09.08.2020 16:31;115.228.208.249
09.08.2020 16:54;131.105.86.175
09.08.2020 16:00;230.21.111.74
09.08.2020 16:17;198.195.32.192
09.08.2020 16:17;28.203.48.184
09.08.2020 16:50;92.55.48.198
09.08.2020 16:13;92.201.236.185
09.08.2020 16:11;170.142.36.13
09.08.2020 16:49;230.114.80.60
09.08.2020 16:44;101.130.155.191
09.08.2020 16:49;16.115.151.86
09.08.2020 16:39;92.245.44.130
09.08.2020 16:49;182.210.147.206
09.08.2020 16:12;73.240.243.165
09.08.2020 16:24;166.82.245.225
09.08.2020 16:51;143.14.76.147
09.08.2020 16:57;160.138.96.140
09.08.2020 16:12;127.200.115.242
09.08.2020 17:08;179.57.28.195
09.08.2020 17:17;227.37.21.229
09.08.2020 17:36;130.69.62.206
09.08.2020 17:09;187.227.231.235
09.08.2020 17:41;94.43.36.178
09.08.2020 17:45;61.238.249.104
09.08.2020 17:27;176.232.239.192
09.08.2020 17:56;78.54.137.24
09.08.2020 17:24;170.203.136.231
09.08.2020 17:26;247.123.183.93
09.08.2020 17:45;36.234.235.17
09.08.2020 17:49;179.179.126.54
09.08.2020 17:37;208.42.220.45
09.08.2020 17:27;168.75.250.125
09.08.2020 17:18;64.88.103.216
09.08.2020 17:49;99.239.166.26
09.08.2020 17:01;55.46.189.21
09.08.2020 17:48;125.61.22.224
09.08.2020 17:02;12.234.134.110
09.08.2020 17:02;57.121.46.205
09.08.2020 17:39;241.32.12.95
09.08.2020 17:22;44.86.36.18
09.08.2020 17:49;148.57.24.216
09.08.2020 17:34;90.136.179.180
09.08.2020 17:51;76.188.61.58
09.08.2020 17:44;130.47.166.88
09.08.2020 17:09;177.154.203.187
09.08.2020 17:01;131.114.174.239
09.08.2020 17:16;132.66.78.64
09.08.2020 17:58;156.108.122.127
09.08.2020 17:27;176.126.97.199
09.08.2020 17:30;22.168.145.87
09.08.2020 17:38;101.34.149.39
09.08.2020 17:33;85.123.56.249
09.08.2020 17:09;12.137.196.149
09.08.2020 17:04;166.175.12.237
09.08.2020 17:19;233.134.105.50
09.08.2020 17:10;92.140.60.246
09.08.2020 17:31;188.120.173.20
09.08.2020 17:12;177.51.194.41
09.08.2020 17:56;44.137.62.151
09.08.2020 17:21;243.117.95.75
09.08.2020 17:23;91.115.78.94
09.08.2020 17:38;177.60.52.115
09.08.2020 17:55;70.122.222.157
09.08.2020 17:41;21.32.58.119
09.08.2020 17:59;53.172.226.49
09.08.2020 17:39;227.70.206.202
09.08.2020 17:29;134.114.143.175
09.08.2020 17:48;79.243.157.46
09.08.2020 17:22;199.91.169.144
09.08.2020 17:07;84.23.72.153
09.08.2020 18:28;164.223.62.52
09.08.2020 18:52;205.192.70.61
09.08.2020 18:31;178.219.39.83
09.08.2020 18:52;65.116.243.116
09.08.2020 18:14;89.176.231.28
09.08.2020 18:41;48.33.81.138
09.08.2020 18:06;229.59.85.67
09.08.2020 18:25;27.79.237.28
09.08.2020 18:07;116.67.163.79
09.08.2020 18:40;102.54.39.88
09.08.2020 18:36;86.47.84.108
09.08.2020 18:59;126.102.12.149
09.08.2020 18:52;28.55.127.160
09.08.2020 18:08;78.155.162.224
09.08.2020 18:27;121.112.163.139
09.08.2020 18:00;189.159.176.92
09.08.2020 18:45;154.34.230.200
09.08.2020 18:09;52.232.151.67
09.08.2020 18:57;223.84.189.242
09.08.2020 18:41;155.57.208.200
09.08.2020 18:08;61.60.23.93
09.08.2020 18:08;126.180.76.14
09.08.2020 18:12;198.170.50.218
09.08.2020 18:35;196.244.93.240
09.08.2020 18:56;149.106.147.125
09.08.2020 18:00;42.46.190.128
09.08.2020 18:56;239.216.53.142
09.08.2020 18:54;72.39.106.128
09.08.2020 18:08;125.171.58.143
09.08.2020 18:53;186.36.185.57
09.08.2020 18:04;146.219.127.13
09.08.2020 18:20;186.103.111.183
09.08.2020 18:24;93.153.211.143
09.08.2020 18:40;114.224.178.213
09.08.2020 18:40;155.64.243.248
09.08.2020 18:23;245.162.154.205
09.08.2020 18:43;199.44.174.184
09.08.2020 18:06;169.152.152.82
09.08.2020 18:34;183.56.100.184
09.08.2020 19:31;176.62.241.198
09.08.2020 19:47;41.95.205.40
09.08.2020 19:33;61.142.164.47
09.08.2020 19:59;37.96.117.175
09.08.2020 19:57;212.89.42.14
09.08.2020 19:56;152.66.113.22
09.08.2020 19:40;229.169.76.95
09.08.2020 19:01;80.184.222.21
09.08.2020 19:30;204.138.158.143
09.08.2020 19:54;239.246.222.192
09.08.2020 19:10;161.11.170.193
09.08.2020 19:33;51.66.36.30
09.08.2020 19:25;175.85.148.26
09.08.2020 19:24;136.182.37.21
09.08.2020 19:21;16.212.65.99
09.08.2020 19:05;159.172.21.179
09.08.2020 19:31;69.227.175.72
09.08.2020 19:52;247.120.202.249
09.08.2020 19:24;217.69.152.115
09.08.2020 19:32;17.125.187.48
09.08.2020 19:50;65.52.223.122
09.08.2020 19:38;176.191.33.218
09.08.2020 19:41;51.52.191.189
09.08.2020 19:50;142.20.109.121
09.08.2020 19:09;34.140.210.237
09.08.2020 19:47;213.195.194.191
09.08.2020 19:05;98.137.65.53
09.08.2020 19:21;184.112.139.171
09.08.2020 19:19;104.159.189.145
09.08.2020 19:28;158.154.211.209
09.08.2020 19:27;75.135.117.72
09.08.2020 19:45;185.150.63.122
09.08.2020 19:09;99.66.217.244
09.08.2020 19:09;16.63.169.41
09.08.2020 19:32;171.223.142.122
09.08.2020 19:18;161.215.167.116
09.08.2020 20:10;137.147.26.20
09.08.2020 20:53;216.132.112.226
09.08.2020 20:12;104.213.127.187
09.08.2020 20:38;38.176.132.223
09.08.2020 20:19;64.153.133.16
09.08.2020 20:00;203.181.174.23
09.08.2020 20:23;100.42.48.154
09.08.2020 20:04;143.186.125.72
09.08.2020 20:38;134.238.162.219
09.08.2020 20:29;120.126.146.141
09.08.2020 20:45;25.132.244.139
09.08.2020 20:32;242.84.26.244
09.08.2020 20:38;95.166.182.244
09.08.2020 20:02;199.138.152.131
09.08.2020 20:58;206.241.22.114
09.08.2020 20:31;171.136.67.53
09.08.2020 20:52;221.184.66.24
09.08.2020 20:22;13.48.239.225
09.08.2020 20:36;28.65.103.56
09.08.2020 20:20;205.77.141.85
09.08.2020 20:09;164.220.195.155
09.08.2020 20:43;233.159.211.71
09.08.2020 20:25;247.78.55.224
09.08.2020 20:43;109.11.204.73
09.08.2020 20:49;120.249.70.12
09.08.2020 20:30;21.177.209.120
09.08.2020 20:15;83.98.178.93
09.08.2020 20:53;122.178.97.67
09.08.2020 20:34;106.91.148.88
09.08.2020 20:08;85.124.187.102
09.08.2020 20:07;197.19.217.246
09.08.2020 21:45;206.31.146.213
09.08.2020 21:20;191.131.40.234
09.08.2020 21:55;183.172.161.70
09.08.2020 21:27;190.104.240.247
09.08.2020 21:07;102.220.80.147
09.08.2020 21:01;186.214.144.136
09.08.2020 21:29;159.249.160.208
09.08.2020 21:07;182.25.108.142
09.08.2020 21:14;203.245.181.187
09.08.2020 21:13;42.160.248.175
09.08.2020 21:55;161.86.33.31
09.08.2020 21:24;130.235.43.27
09.08.2020 21:56;42.138.139.196
09.08.2020 21:36;39.26.194.237
09.08.2020 21:31;216.208.53.33
09.08.2020 21:55;221.49.216.144
09.08.2020 21:51;214.249.38.183
09.08.2020 21:36;172.106.201.57
09.08.2020 21:43;247.188.202.175
09.08.2020 21:24;145.91.214.248
09.08.2020 21:18;224.39.42.83
09.08.2020 21:35;191.142.21.45
09.08.2020 21:46;42.35.151.190
09.08.2020 21:21;203.102.63.68
09.08.2020 21:43;16.249.118.210
09.08.2020 21:17;63.50.189.221
09.08.2020 21:19;128.208.151.49
09.08.2020 21:36;227.12.205.79
09.08.2020 21:27;66.107.22.52
09.08.2020 21:59;117.225.209.32
09.08.2020 21:47;73.20.18.117
09.08.2020 21:38;12.14.225.81
09.08.2020 21:01;59.54.191.103
09.08.2020 21:54;94.150.227.118
09.08.2020 21:21;117.61.157.37
09.08.2020 21:30;123.48.152.107
09.08.2020 21:27;121.143.40.66
09.08.2020 21:38;140.75.221.135
09.08.2020 21:38;79.27.226.247
09.08.2020 21:50;190.141.12.122
09.08.2020 21:07;35.52.38.186
09.08.2020 21:39;218.157.121.96
09.08.2020 21:48;217.51.27.88
09.08.2020 21:39;229.68.160.74
09.08.2020 21:11;179.70.163.175
09.08.2020 21:31;64.224.67.186
09.08.2020 21:01;217.186.135.171
09.08.2020 21:53;184.115.65.162
09.08.2020 21:18;160.107.54.173
09.08.2020 21:06;54.188.205.234
09.08.2020 21:41;197.176.163.224
09.08.2020 21:37;192.153.193.117
09.08.2020 21:56;232.136.213.180
09.08.2020 22:19;196.228.125.182
09.08.2020 22:13;180.140.161.22
09.08.2020 23:48;60.235.228.157
09.08.2020 23:15;184.82.129.208
09.08.2020 23:40;37.39.21.24
